id_maquina,horas_operacion,edad_maquina,mantenimientos_realizados,meses_ultimo_mantenimiento,temperatura,vibracion,fallas_previas,horas_desde_ultimo_mantenimiento,riesgo_mantenimiento
M083,8889,15,0,14,84.82,7.37,6,2510,Alto
M087,14084,15,2,17,98.62,9.22,5,2086,Alto
M066,6399,8,6,10,75.93,3.8,1,1625,Medio
M099,10966,10,0,12,85.87,8.51,5,2015,Alto
M046,4626,7,2,5,68.94,4.8,1,1242,Medio
M002,4104,2,6,3,69.68,1.28,1,856,Bajo
M026,1347,1,4,5,70.04,1.17,0,191,Bajo
M037,8992,8,3,8,75.89,5.7,3,719,Medio
M009,4088,4,7,2,59.19,3.93,1,831,Bajo
M062,3972,7,6,9,73.59,5.56,3,1480,Medio
M001,2326,4,4,5,62.77,1.97,0,603,Bajo
M018,1722,4,8,5,65.99,1.1,0,285,Bajo
M060,6890,4,5,5,76.14,6.25,3,1145,Medio
M071,14913,15,1,13,96.99,8.15,5,1989,Alto
M025,1482,2,4,4,64.44,3.76,0,146,Bajo
M035,6817,3,3,7,70.53,5.36,3,963,Medio
M068,9914,9,2,18,95.88,8.82,6,1609,Alto
M097,14401,15,1,11,85.16,8.11,6,2116,Alto
M076,14275,9,1,15,80.9,9.31,5,2714,Alto
M032,3219,2,5,3,62.81,1.64,1,201,Bajo
M082,10244,8,0,11,87.49,8.41,6,2071,Alto
M090,11877,11,0,10,85.51,8.63,3,1765,Alto
M044,3749,8,3,8,68.54,5.08,1,1564,Medio
M054,8970,8,2,4,67.64,3.78,1,1411,Medio
M041,8369,4,3,8,67.56,6.73,1,1254,Medio
M038,4434,7,5,7,73.25,4.63,3,1556,Medio
M050,6328,3,2,6,78.92,4.0,1,847,Medio
M014,4219,2,7,2,53.27,3.49,0,537,Bajo
M051,4188,5,4,8,81.41,3.8,1,1600,Medio
M047,7364,6,2,7,79.26,3.81,2,1661,Medio
M034,8313,9,3,6,77.69,5.39,1,1631,Medio
M084,14772,12,3,16,80.52,6.92,6,2577,Alto
M003,1936,3,4,5,51.67,3.62,1,756,Bajo
M079,12773,11,1,14,88.32,8.57,5,2084,Alto
M063,8585,9,2,9,73.46,6.12,1,752,Medio
M065,5077,5,5,6,74.65,6.48,1,854,Medio
M074,8487,14,2,17,81.58,9.67,5,1666,Alto
M089,10617,15,0,13,88.69,9.44,5,2292,Alto
M012,1431,2,4,4,69.29,3.88,0,886,Bajo
M058,7684,5,5,4,82.66,5.32,3,844,Medio
M052,8768,5,5,6,66.8,6.59,2,1061,Medio
M045,3997,3,2,6,83.62,3.85,3,1001,Medio
M070,12255,8,3,17,84.73,7.61,4,2002,Alto
M036,7230,7,2,4,71.28,3.93,2,1250,Medio
M100,12519,12,0,14,80.32,6.79,5,2568,Alto
M007,3729,2,6,3,65.49,2.31,0,722,Bajo
M088,12122,9,1,17,80.87,6.7,5,1961,Alto
M020,2965,2,8,1,69.61,2.04,1,257,Bajo
M057,4308,5,2,6,78.53,5.81,1,1602,Medio
M006,1443,1,5,1,52.05,1.65,1,622,Bajo
M059,4498,4,5,5,65.12,4.09,2,719,Medio
M072,14861,10,3,17,96.32,7.25,4,2621,Alto
M027,1978,4,3,1,63.68,1.18,1,247,Bajo
M048,7794,3,4,7,70.74,3.96,3,938,Medio
M091,14304,10,2,13,80.53,8.62,4,1757,Alto
M056,7048,7,6,8,71.44,6.31,1,1555,Medio
M049,8708,8,5,10,67.64,4.16,2,1230,Medio
M031,1988,1,3,4,54.74,2.62,0,119,Bajo
M029,1350,2,7,5,56.5,2.28,1,660,Bajo
M061,7815,4,6,6,81.38,5.37,1,1532,Medio
M080,11277,15,2,11,96.64,8.59,5,2646,Alto
M096,12092,12,3,9,91.48,8.27,5,1670,Alto
M011,3632,3,5,5,67.88,2.63,1,789,Bajo
M042,6393,9,5,9,84.32,4.37,1,1779,Medio
M004,1685,1,4,2,70.14,3.07,1,746,Bajo
M055,8479,5,5,6,83.48,5.84,3,1671,Medio
M095,12051,9,1,17,85.19,8.52,4,1727,Alto
M064,6477,3,3,9,70.98,4.97,1,832,Medio
M017,2043,1,3,2,56.25,3.52,1,374,Bajo
M069,13031,12,3,14,83.3,10.0,3,1884,Alto
M053,6121,8,6,4,68.33,4.82,1,865,Medio
M019,4246,3,4,3,68.37,1.74,1,469,Bajo
M086,13919,8,0,10,93.58,9.27,5,2264,Alto
M073,10248,13,0,17,83.23,8.51,6,1988,Alto
M015,2204,1,4,2,53.17,2.8,0,291,Bajo
M008,742,3,6,2,61.77,2.18,1,327,Bajo
M016,509,3,5,2,58.98,1.54,0,791,Bajo
M023,3043,5,3,4,56.28,3.86,1,479,Bajo
M021,2824,2,8,5,55.84,1.51,0,327,Bajo
M033,4344,1,3,2,57.1,3.35,0,226,Bajo
M024,1583,2,3,3,55.78,1.86,1,708,Bajo
M077,8595,15,2,18,84.12,7.39,5,1804,Alto
M005,2139,4,7,5,51.21,1.05,0,600,Bajo
M028,3779,5,5,5,64.54,1.28,1,900,Bajo
M078,10427,13,3,17,81.26,9.14,6,2370,Alto
M093,10444,7,3,9,88.71,8.53,6,2644,Alto
M010,3230,1,7,2,51.84,3.28,0,582,Bajo
M098,13635,13,0,11,81.9,9.86,5,2027,Alto
M030,1556,5,3,3,67.92,2.58,1,843,Bajo
M067,4834,3,2,6,84.69,6.54,1,1160,Medio
M043,7199,9,3,8,67.04,6.25,2,1640,Medio
M092,8555,7,0,14,80.97,7.43,6,2677,Alto
M013,3378,2,4,1,52.8,2.88,1,633,Bajo
M081,9180,11,3,13,99.43,9.54,4,2483,Alto
M039,8424,6,6,9,65.36,3.64,2,1609,Medio
M040,5908,4,5,4,65.14,6.07,3,927,Medio
M085,10847,10,1,16,88.47,9.71,3,1632,Alto
M022,1393,2,8,5,69.8,1.51,0,411,Bajo
M094,9809,14,2,17,80.36,8.79,5,2143,Alto
M075,11361,12,2,15,87.43,9.79,4,2428,Alto
